[
  {
    "key": "c_user",
    "value": "100091687191806",
    "domain": "facebook.com",
    "path": "/",
    "hostOnly": false,
    "creation": "2026-02-01T06:16:54.505Z",
    "lastAccessed": "2026-02-01T06:17:10.804Z"
  },
  {
    "key": "xs",
    "value": "12%3A9d_0pUHvLZhGew%3A2%3A1769922283%3A-1%3A-1%3A%3AAcyrTxvyh1ZxfA5OMBqJYMGTCh4ueRpiZIwzutHw-Q",
    "domain": "facebook.com",
    "path": "/",
    "hostOnly": false,
    "creation": "2026-02-01T06:16:54.507Z",
    "lastAccessed": "2026-02-01T06:17:10.804Z"
  },
  {
    "key": "datr",
    "value": "uN5-aXS3aQ3uGyZO4vEyMRtE",
    "expires": "2027-03-08T06:17:03.000Z",
    "maxAge": 34560000,
    "domain": "facebook.com",
    "path": "/",
    "secure": true,
    "httpOnly": true,
    "hostOnly": false,
    "creation": "2026-02-01T06:16:54.507Z",
    "lastAccessed": "2026-02-01T06:17:10.804Z",
    "sameSite": "none"
  },
  {
    "key": "sb",
    "value": "uN5-afYPftNHSz5szWZFTyqu",
    "domain": "facebook.com",
    "path": "/",
    "hostOnly": false,
    "creation": "2026-02-01T06:16:54.507Z",
    "lastAccessed": "2026-02-01T06:17:10.804Z"
  },
  {
    "key": "fr",
    "value": "103RAx8Uol5g61IRQ.AWc4QPqmQca406Ub6D0Qeg_FeNec2briN16s9wFU5gm7s65_Cgs.Bpft_r..AAA.0.0.Bpfu_X.AWeoCnpPL6Ap3pf0uRa9M8YrZaA",
    "expires": "2026-05-02T06:16:55.000Z",
    "maxAge": 7776000,
    "domain": "facebook.com",
    "path": "/",
    "secure": true,
    "httpOnly": true,
    "hostOnly": false,
    "creation": "2026-02-01T06:16:54.507Z",
    "lastAccessed": "2026-02-01T06:17:10.804Z",
    "sameSite": "none"
  },
  {
    "key": "wd",
    "value": "1389x708",
    "domain": "facebook.com",
    "path": "/",
    "hostOnly": false,
    "creation": "2026-02-01T06:16:54.507Z",
    "lastAccessed": "2026-02-01T06:17:10.804Z"
  },
  {
    "key": "locale",
    "value": "en_US",
    "domain": "facebook.com",
    "path": "/",
    "hostOnly": false,
    "creation": "2026-02-01T06:16:54.507Z",
    "lastAccessed": "2026-02-01T06:17:10.804Z"
  },
  {
    "key": "dpr",
    "value": "1.375",
    "domain": "facebook.com",
    "path": "/",
    "hostOnly": false,
    "creation": "2026-02-01T06:16:54.507Z",
    "lastAccessed": "2026-02-01T06:17:10.804Z"
  },
  {
    "key": "ps_l",
    "value": "1",
    "domain": "facebook.com",
    "path": "/",
    "hostOnly": false,
    "creation": "2026-02-01T06:16:54.507Z",
    "lastAccessed": "2026-02-01T06:17:10.804Z"
  },
  {
    "key": "ps_n",
    "value": "1",
    "domain": "facebook.com",
    "path": "/",
    "hostOnly": false,
    "creation": "2026-02-01T06:16:54.507Z",
    "lastAccessed": "2026-02-01T06:17:10.804Z"
  }
]