[
  {
    "key": "datr",
    "value": "Hpg2aRvxTSmei7es4zrYYiSc",
    "domain": "facebook.com",
    "path": "/",
    "hostOnly": false,
    "creation": "2025-12-08T09:22:19.578Z",
    "lastAccessed": "2025-12-08T09:22:19.578Z"
  },
  {
    "key": "sb",
    "value": "Hpg2aZo8zF_AdRsP8kTdZr-e",
    "domain": "facebook.com",
    "path": "/",
    "hostOnly": false,
    "creation": "2025-12-08T09:22:19.578Z",
    "lastAccessed": "2025-12-08T09:22:19.578Z"
  },
  {
    "key": "wd",
    "value": "1528x779",
    "domain": "facebook.com",
    "path": "/",
    "hostOnly": false,
    "creation": "2025-12-08T09:22:19.578Z",
    "lastAccessed": "2025-12-08T09:22:19.578Z"
  },
  {
    "key": "c_user",
    "value": "100091687191806",
    "domain": "facebook.com",
    "path": "/",
    "hostOnly": false,
    "creation": "2025-12-08T09:22:19.578Z",
    "lastAccessed": "2025-12-08T09:22:19.578Z"
  },
  {
    "key": "xs",
    "value": "4%3APy25ZIO_qCBdoQ%3A2%3A1765185722%3A-1%3A-1%3A%3AAcyjXX34Lf-rebSnc0fhoYdElG-JVRNUdWfU3_GtUQ",
    "domain": "facebook.com",
    "path": "/",
    "hostOnly": false,
    "creation": "2025-12-08T09:22:19.578Z",
    "lastAccessed": "2025-12-08T09:22:19.578Z"
  },
  {
    "key": "fr",
    "value": "1iT56H86nqfM6q5cW.AWcQuFKSPelpDBIDRCNOxJV9kpt2WGQFLe1-tMGjAPMoswQL8O8.BpNpi9..AAA.0.0.BpNpi9.AWeXDQAKou6915UdcXMpipvP6Pc",
    "domain": "facebook.com",
    "path": "/",
    "hostOnly": false,
    "creation": "2025-12-08T09:22:19.578Z",
    "lastAccessed": "2025-12-08T09:22:19.578Z"
  }
]