[
  {
    "key": "datr",
    "value": "sZdAaVWEF6oO3WoFBesxbU8u",
    "expires": "2027-01-26T18:30:39.000Z",
    "maxAge": 34560000,
    "domain": "facebook.com",
    "path": "/",
    "secure": true,
    "httpOnly": true,
    "hostOnly": false,
    "creation": "2025-12-22T18:30:32.782Z",
    "lastAccessed": "2025-12-22T18:30:45.428Z",
    "sameSite": "none"
  },
  {
    "key": "sb",
    "value": "rdQyaTDmaU1w4yLF6-xi4lC8",
    "domain": "facebook.com",
    "path": "/",
    "hostOnly": false,
    "creation": "2025-12-22T18:30:32.784Z",
    "lastAccessed": "2025-12-22T18:30:45.428Z"
  },
  {
    "key": "ps_l",
    "value": "1",
    "domain": "facebook.com",
    "path": "/",
    "hostOnly": false,
    "creation": "2025-12-22T18:30:32.784Z",
    "lastAccessed": "2025-12-22T18:30:45.428Z"
  },
  {
    "key": "ps_n",
    "value": "1",
    "domain": "facebook.com",
    "path": "/",
    "hostOnly": false,
    "creation": "2025-12-22T18:30:32.784Z",
    "lastAccessed": "2025-12-22T18:30:45.428Z"
  },
  {
    "key": "wd",
    "value": "1528x779",
    "domain": "facebook.com",
    "path": "/",
    "hostOnly": false,
    "creation": "2025-12-22T18:30:32.784Z",
    "lastAccessed": "2025-12-22T18:30:45.428Z"
  },
  {
    "key": "c_user",
    "value": "100044343889036",
    "expires": "2026-12-22T18:30:40.000Z",
    "maxAge": 31536000,
    "domain": "facebook.com",
    "path": "/",
    "secure": true,
    "hostOnly": false,
    "creation": "2025-12-22T18:30:32.784Z",
    "lastAccessed": "2025-12-22T18:30:45.428Z",
    "sameSite": "none"
  },
  {
    "key": "xs",
    "value": "23%3A4G6c1cZ6gBahfA%3A2%3A1766423552%3A-1%3A-1%3A%3AAczXJfIGMlk-QnIr5Ov_9EYoHSTdlm3FooHExlWigQ",
    "expires": "2026-12-22T18:30:40.000Z",
    "maxAge": 31536000,
    "domain": "facebook.com",
    "path": "/",
    "secure": true,
    "httpOnly": true,
    "hostOnly": false,
    "creation": "2025-12-22T18:30:32.784Z",
    "lastAccessed": "2025-12-22T18:30:45.428Z",
    "sameSite": "none"
  },
  {
    "key": "fr",
    "value": "1HSYckKjZsNXXR7f4.AWdwErY9jAEce2g1tpGnG67iqPYZODzVBr6fFwP0yhy3vKNKx6w.BpSY5Q..AAA.0.0.BpSY5Q.AWdZ1ckgn34sb7l8vQoK5WJsFIg",
    "expires": "2026-03-22T18:30:40.000Z",
    "maxAge": 7776000,
    "domain": "facebook.com",
    "path": "/",
    "secure": true,
    "httpOnly": true,
    "hostOnly": false,
    "creation": "2025-12-22T18:30:32.784Z",
    "lastAccessed": "2025-12-22T18:30:45.428Z",
    "sameSite": "none"
  }
]