{
  "rem_1769763441311_007182bdi": {
    "id": "rem_1769763441311_007182bdi",
    "userID": "100044343889036",
    "userName": "Jay Patrick Cano 👑🔥",
    "threadID": "1978630542709565",
    "message": "test",
    "reminderTime": "2026-01-30T08:59:21.311Z",
    "preReminderSent": true,
    "reminderSent": true,
    "createdAt": "2026-01-30T08:57:21.311Z"
  },
  "rem_1769763607699_qyykz39sq": {
    "id": "rem_1769763607699_qyykz39sq",
    "userID": "100044343889036",
    "userName": "Jay Patrick Cano 👑🔥",
    "threadID": "1978630542709565",
    "message": "test",
    "reminderTime": "2026-01-30T09:02:07.699Z",
    "preReminderSent": false,
    "reminderSent": true,
    "createdAt": "2026-01-30T09:00:07.699Z"
  },
  "rem_1769763652418_97njq4bvt": {
    "id": "rem_1769763652418_97njq4bvt",
    "userID": "100044343889036",
    "userName": "Jay Patrick Cano 👑🔥",
    "threadID": "1978630542709565",
    "message": "test",
    "reminderTime": "2026-01-30T09:02:52.417Z",
    "preReminderSent": false,
    "reminderSent": true,
    "createdAt": "2026-01-30T09:00:52.418Z"
  }
}