[
  {
    "key": "datr",
    "value": "BsUtaQ6zUdFr9neZO79X4AJy",
    "domain": "facebook.com",
    "path": "/",
    "secure": true,
    "httpOnly": true,
    "sameSite": "no_restriction",
    "extractedAt": "2025-12-03T16:30:23.830Z"
  },
  {
    "key": "sb",
    "value": "r8cnaX5284AcCwIs5uKMXBfO",
    "domain": "facebook.com",
    "path": "/",
    "secure": true,
    "httpOnly": true,
    "sameSite": "no_restriction",
    "extractedAt": "2025-12-03T16:30:23.830Z"
  },
  {
    "key": "ps_l",
    "value": "1",
    "domain": "facebook.com",
    "path": "/",
    "secure": true,
    "httpOnly": true,
    "sameSite": "lax",
    "extractedAt": "2025-12-03T16:30:23.830Z"
  },
  {
    "key": "ps_n",
    "value": "1",
    "domain": "facebook.com",
    "path": "/",
    "secure": true,
    "httpOnly": true,
    "sameSite": "no_restriction",
    "extractedAt": "2025-12-03T16:30:23.830Z"
  },
  {
    "key": "wd",
    "value": "1528x786",
    "domain": "facebook.com",
    "path": "/",
    "secure": true,
    "httpOnly": false,
    "sameSite": "lax",
    "extractedAt": "2025-12-03T16:30:23.830Z"
  },
  {
    "key": "c_user",
    "value": "100044343889036",
    "domain": "facebook.com",
    "path": "/",
    "secure": true,
    "httpOnly": false,
    "sameSite": "no_restriction",
    "extractedAt": "2025-12-03T16:30:23.830Z"
  },
  {
    "key": "xs",
    "value": "33%3AzWpgPBhcl6MmNw%3A2%3A1764726639%3A-1%3A-1%3A%3AAcwFhy6NnsADXoYzabe1dJ7CtiwmWDeKRhE1AeOOiw",
    "domain": "facebook.com",
    "path": "/",
    "secure": true,
    "httpOnly": true,
    "sameSite": "no_restriction",
    "extractedAt": "2025-12-03T16:30:23.830Z"
  },
  {
    "key": "fr",
    "value": "1DSFu2frbsUGHArRs.AWeOZb_lW4xH9Wx3xOK7boLTmfm6yLBi50Yb_X4katTyhor-nKg.BpMGVI..AAA.0.0.BpMGVI.AWfQwYRmY7nTbhXqPG10cD8xeTs",
    "domain": "facebook.com",
    "path": "/",
    "secure": true,
    "httpOnly": true,
    "sameSite": "no_restriction",
    "extractedAt": "2025-12-03T16:30:23.830Z"
  }
]