[
  {
    "key": "datr",
    "value": "jf85abRee_0rgmy_fDRQQ45k",
    "expires": "2027-01-14T23:43:51.000Z",
    "maxAge": 34560000,
    "domain": "facebook.com",
    "path": "/",
    "secure": true,
    "httpOnly": true,
    "hostOnly": false,
    "creation": "2025-12-10T23:43:44.365Z",
    "lastAccessed": "2025-12-10T23:43:58.825Z",
    "sameSite": "none"
  },
  {
    "key": "sb",
    "value": "jf85aaBojqxQ7jXhT8tdel6S",
    "domain": "facebook.com",
    "path": "/",
    "hostOnly": false,
    "creation": "2025-12-10T23:43:44.372Z",
    "lastAccessed": "2025-12-10T23:43:58.825Z"
  },
  {
    "key": "wd",
    "value": "1528x779",
    "domain": "facebook.com",
    "path": "/",
    "hostOnly": false,
    "creation": "2025-12-10T23:43:44.373Z",
    "lastAccessed": "2025-12-10T23:43:58.825Z"
  },
  {
    "key": "c_user",
    "value": "100085066182205",
    "expires": "2026-12-10T23:43:52.000Z",
    "maxAge": 31536000,
    "domain": "facebook.com",
    "path": "/",
    "secure": true,
    "hostOnly": false,
    "creation": "2025-12-10T23:43:44.374Z",
    "lastAccessed": "2025-12-10T23:43:58.825Z",
    "sameSite": "none"
  },
  {
    "key": "xs",
    "value": "8%3AYiZE0oat7-nb3Q%3A2%3A1765408672%3A-1%3A-1%3A%3AAcxEHSPLypaQIU8zAW02sCihBrSaTUwXuC5O8tuJ8sg",
    "expires": "2026-12-10T23:43:52.000Z",
    "maxAge": 31536000,
    "domain": "facebook.com",
    "path": "/",
    "secure": true,
    "httpOnly": true,
    "hostOnly": false,
    "creation": "2025-12-10T23:43:44.374Z",
    "lastAccessed": "2025-12-10T23:43:58.825Z",
    "sameSite": "none"
  },
  {
    "key": "fr",
    "value": "1iDuYqZ9OIF9xsrph.AWdWvbBQuCLJdBSofunpEJ6df9ZF6FOwKSwcVWc4gWDZ22NDbHk.BpOgW4..AAA.0.0.BpOgW4.AWeCP0rhoHj3qYL36bBGKhDZoUc",
    "expires": "2026-03-10T23:43:52.000Z",
    "maxAge": 7776000,
    "domain": "facebook.com",
    "path": "/",
    "secure": true,
    "httpOnly": true,
    "hostOnly": false,
    "creation": "2025-12-10T23:43:44.374Z",
    "lastAccessed": "2025-12-10T23:43:58.825Z",
    "sameSite": "none"
  },
  {
    "key": "ps_l",
    "value": "1",
    "domain": "facebook.com",
    "path": "/",
    "hostOnly": false,
    "creation": "2025-12-10T23:43:44.374Z",
    "lastAccessed": "2025-12-10T23:43:58.825Z"
  },
  {
    "key": "ps_n",
    "value": "1",
    "domain": "facebook.com",
    "path": "/",
    "hostOnly": false,
    "creation": "2025-12-10T23:43:44.375Z",
    "lastAccessed": "2025-12-10T23:43:58.825Z"
  }
]